kpi_goal,mae_holdout,r2_holdout
CTR,0.00030971699595432344,0.9733992244701846
CPA,7.458418202459718,0.4854346311631833
ROAS,0.4644235388711549,0.893566069915837
IPM,0.06515864896276306,0.9371582681791406
