horizon_days,mean_S_t,median_S_t
7,0.9740386171415671,0.9907389690332029
14,0.8409564283545069,0.9017466019228151
21,0.8226170321710238,0.891805196957699
30,0.8226170321710238,0.891805196957699
45,0.8226170321710238,0.891805196957699
60,0.8226170321710238,0.891805196957699
