horizon_days,mean_S_t,median_S_t
7,0.9672878204115789,0.9863582707655931
14,0.8403592359666746,0.8923853375164266
21,0.8237753017306017,0.8863076724962491
30,0.8237753017306017,0.8863076724962491
45,0.8237753017306017,0.8863076724962491
60,0.8237753017306017,0.8863076724962491
